"Country","latitude","longitude","Region","Population","Area..sq..mi..","Pop..Density..per.sq..mi..","Coastline..coast.area.ratio.","Net.migration","Infant.mortality..per.1000.births.","GDP....per.capita.","Literacy....","Phones..per.1000.","Arable....","Crops....","Other....","Climate","Birthrate","Deathrate","Agriculture","Industry","Service"
"Afghanistan",33.94,67.71,"ASIA (EX. NEAR EAST)         ",31056997,647500,"48,0","0,00","23,06","163,07",700,"36,0","3,2","12,13","0,22","87,65","1","46,6","20,34","0,38","0,24","0,38"
"Albania",41.15,20.17,"EASTERN EUROPE                     ",3581655,28748,"124,6","1,26","-4,93","21,52",4500,"86,5","71,2","21,09","4,42","74,49","3","15,11","5,22","0,232","0,188","0,579"
"Algeria",28.03,1.66,"NORTHERN AFRICA                    ",32930091,2381740,"13,8","0,04","-0,39","31",6000,"70,0","78,1","3,22","0,25","96,53","1","17,14","4,61","0,101","0,6","0,298"
"Angola",-11.2,17.87,"SUB-SAHARAN AFRICA                 ",12127071,1246700,"9,7","0,13","0","191,19",1900,"42,0","7,8","2,41","0,24","97,35","","45,11","24,2","0,096","0,658","0,246"
"Argentina",-38.42,-63.62,"LATIN AMER. & CARIB    ",39921833,2766890,"14,4","0,18","0,61","15,18",11200,"97,1","220,4","12,31","0,48","87,21","3","16,73","7,55","0,095","0,358","0,547"
"Armenia",40.07,45.04,"C.W. OF IND. STATES ",2976372,29800,"99,9","0,00","-6,47","23,28",3500,"98,6","195,7","17,55","2,3","80,15","4","12,07","8,23","0,239","0,343","0,418"
"Australia",-25.27,133.78,"OCEANIA                            ",20264082,7686850,"2,6","0,34","3,98","4,69",29000,"100,0","565,5","6,55","0,04","93,41","1","12,14","7,51","0,038","0,262","0,7"
"Austria",47.52,14.55,"WESTERN EUROPE                     ",8192880,83870,"97,7","0,00","2","4,66",30000,"98,0","452,2","16,91","0,86","82,23","3","8,74","9,76","0,018","0,304","0,678"
"Azerbaijan",40.14,47.58,"C.W. OF IND. STATES ",7961619,86600,"91,9","0,00","-4,9","81,74",3400,"97,0","137,1","19,63","2,71","77,66","1","20,74","9,75","0,141","0,457","0,402"
"Bangladesh",23.68,90.36,"ASIA (EX. NEAR EAST)         ",147365352,144000,"1023,4","0,40","-0,71","62,6",1900,"43,1","7,3","62,11","3,07","34,82","2","29,8","8,27","0,199","0,198","0,603"
"Barbados",13.19,-59.54,"LATIN AMER. & CARIB    ",279912,431,"649,5","22,51","-0,31","12,5",15700,"97,4","481,9","37,21","2,33","60,46","2","12,71","8,67","0,06","0,16","0,78"
"Belarus",53.71,27.95,"C.W. OF IND. STATES ",10293011,207600,"49,6","0,00","2,54","13,37",6100,"99,6","319,1","29,55","0,6","69,85","4","11,16","14,02","0,093","0,316","0,591"
"Belgium",50.5,4.47,"WESTERN EUROPE                     ",10379067,30528,"340,0","0,22","1,23","4,68",29100,"98,0","462,6","23,28","0,4","76,32","3","10,38","10,27","0,01","0,24","0,749"
"Belize",17.19,-88.5,"LATIN AMER. & CARIB    ",287730,22966,"12,5","1,68","0","25,69",4900,"94,1","115,7","2,85","1,71","95,44","2","28,84","5,72","0,142","0,152","0,612"
"Benin",9.31,2.32,"SUB-SAHARAN AFRICA                 ",7862944,112620,"69,8","0,11","0","85",1100,"40,9","9,7","18,08","2,4","79,52","2","38,85","12,22","0,316","0,138","0,546"
"Bermuda",32.32,-64.76,"NORTHERN AMERICA                   ",65773,53,"1241,0","194,34","2,49","8,53",36000,"98,0","851,4","20","0","80","2","11,4","7,74","0,01","0,1","0,89"
"Botswana",-22.33,24.68,"SUB-SAHARAN AFRICA                 ",1639833,600370,"2,7","0,00","0","54,58",9000,"79,8","80,5","0,65","0,01","99,34","1","23,08","29,5","0,024","0,469","0,507"
"Brazil",-14.24,-51.93,"LATIN AMER. & CARIB    ",188078227,8511965,"22,1","0,09","-0,03","29,61",7600,"86,4","225,3","6,96","0,9","92,15","2","16,56","6,17","0,084","0,4","0,516"
"Bulgaria",42.73,25.49,"EASTERN EUROPE                     ",7385367,110910,"66,6","0,32","-4,58","20,55",7600,"98,6","336,3","40,02","1,92","58,06","3","9,65","14,27","0,093","0,304","0,603"
"Burkina Faso",12.24,-1.56,"SUB-SAHARAN AFRICA                 ",13902972,274200,"50,7","0,00","0","97,57",1100,"26,6","7,0","14,43","0,19","85,38","2","45,62","15,6","0,322","0,196","0,482"
"Cambodia",12.57,104.99,"ASIA (EX. NEAR EAST)         ",13881427,181040,"76,7","0,24","0","71,48",1900,"69,4","2,6","20,96","0,61","78,43","2","26,9","9,06","0,35","0,3","0,35"
"Cameroon",7.37,12.35,"SUB-SAHARAN AFRICA                 ",17340702,475440,"36,5","0,08","0","68,26",1800,"79,0","5,7","12,81","2,58","84,61","1,5","33,89","13,47","0,448","0,17","0,382"
"Canada",56.13,-106.35,"NORTHERN AMERICA                   ",33098932,9984670,"3,3","2,02","5,96","4,75",29800,"97,0","552,2","4,96","0,02","95,02","","10,78","7,8","0,022","0,294","0,684"
"Chad",15.45,18.73,"SUB-SAHARAN AFRICA                 ",9944201,1284000,"7,7","0,00","-0,11","93,82",1200,"47,5","1,3","2,86","0,02","97,12","2","45,73","16,38","0,335","0,259","0,406"
"Chile",-35.68,-71.54,"LATIN AMER. & CARIB    ",16134219,756950,"21,3","0,85","0","8,8",9900,"96,2","213,0","2,65","0,42","96,93","3","15,23","5,81","0,06","0,493","0,447"
"Colombia",4.57,-74.3,"LATIN AMER. & CARIB    ",43593035,1138910,"38,3","0,28","-0,31","20,97",6300,"92,5","176,2","2,42","1,67","95,91","2","20,48","5,58","0,125","0,342","0,533"
"Costa Rica",9.75,-83.75,"LATIN AMER. & CARIB    ",4075261,51100,"79,8","2,52","0,51","9,95",9100,"96,0","340,7","4,41","5,88","89,71","2","18,32","4,36","0,088","0,299","0,614"
"Croatia",45.1,15.2,"EASTERN EUROPE                     ",4494749,56542,"79,5","10,32","1,58","6,84",10600,"98,5","420,4","26,09","2,27","71,65","","9,61","11,48","0,07","0,308","0,622"
"Cuba",21.52,-77.78,"LATIN AMER. & CARIB    ",11382820,110860,"102,7","3,37","-1,58","6,33",2900,"97,0","74,7","33,05","7,6","59,35","2","11,89","7,22","0,055","0,261","0,684"
"Cyprus",35.13,33.43,"NEAR EAST                          ",784301,9250,"84,8","7,01","0,43","7,18",19200,"97,6","","7,79","4,44","87,77","3","12,56","7,68","0,037","0,198","0,765"
"Denmark",56.26,9.5,"WESTERN EUROPE                     ",5450661,43094,"126,5","16,97","2,48","4,56",31100,"100,0","614,6","54,02","0,19","45,79","3","11,13","10,36","0,018","0,246","0,735"
"Djibouti",11.83,42.59,"SUB-SAHARAN AFRICA                 ",486530,23000,"21,2","1,37","0","104,13",1300,"67,9","22,8","0,04","0","99,96","1","39,53","19,31","0,179","0,225","0,596"
"Dominica",15.41,-61.37,"LATIN AMER. & CARIB    ",68910,754,"91,4","19,63","-13,87","14,15",5400,"94,0","304,8","6,67","20","73,33","2","15,27","6,73","0,177","0,328","0,495"
"Dominican Republic",18.74,-70.16,"LATIN AMER. & CARIB    ",9183984,48730,"188,5","2,64","-3,22","32,38",6000,"84,7","97,4","22,65","10,33","67,02","2","23,22","5,73","0,112","0,306","0,582"
"Ecuador",-1.83,-78.18,"LATIN AMER. & CARIB    ",13547510,283560,"47,8","0,79","-8,58","23,66",3300,"92,5","125,6","5,85","4,93","89,22","2","22,29","4,23","0,07","0,312","0,618"
"Egypt",26.82,30.8,"NORTHERN AFRICA                    ",78887007,1001450,"78,8","0,24","-0,22","32,59",4000,"57,7","131,8","2,87","0,48","96,65","1","22,94","5,23","0,149","0,357","0,493"
"El Salvador",13.79,-88.9,"LATIN AMER. & CARIB    ",6822378,21040,"324,3","1,46","-3,74","25,1",4800,"80,2","142,4","31,85","12,07","56,08","2","26,61","5,78","0,099","0,302","0,599"
"Estonia",58.6,25.01,"BALTICS                            ",1324333,45226,"29,3","8,39","-3,16","7,87",12300,"99,8","333,8","16,04","0,45","83,51","3","10,04","13,25","0,04","0,294","0,666"
"Ethiopia",9.15,40.49,"SUB-SAHARAN AFRICA                 ",74777981,1127127,"66,3","0,00","0","95,32",700,"42,7","8,2","10,71","0,75","88,54","2","37,98","14,86","0,475","0,099","0,426"
"Fiji",-16.58,179.41,"OCEANIA                            ",905949,18270,"49,6","6,18","-3,14","12,62",5800,"93,7","112,6","10,95","4,65","84,4","2","22,55","5,65","0,089","0,135","0,776"
"Finland",61.92,25.75,"WESTERN EUROPE                     ",5231372,338145,"15,5","0,37","0,95","3,57",27400,"100,0","405,3","7,19","0,03","92,78","3","10,45","9,86","0,028","0,295","0,676"
"France",46.23,2.21,"WESTERN EUROPE                     ",60876136,547030,"111,3","0,63","0,66","4,26",27600,"99,0","586,4","33,53","2,07","64,4","4","11,99","9,14","0,022","0,214","0,764"
"French Polynesia",-17.68,-149.41,"OCEANIA                            ",274578,4167,"65,9","60,60","2,94","8,44",17500,"98,0","194,5","0,82","5,46","93,72","2","16,68","4,69","0,031","0,19","0,769"
"Gabon",-0.8,11.61,"SUB-SAHARAN AFRICA                 ",1424906,267667,"5,3","0,33","0","53,64",5500,"63,2","27,4","1,26","0,66","98,08","2","36,16","12,25","0,061","0,592","0,348"
"Georgia",42.32,43.36,"C.W. OF IND. STATES ",4661473,69700,"66,9","0,44","-4,7","18,59",2500,"99,0","146,6","11,44","3,86","84,7","3","10,41","9,23","0,172","0,275","0,553"
"Germany",51.17,10.45,"WESTERN EUROPE                     ",82422299,357021,"230,9","0,67","2,18","4,16",27600,"99,0","667,9","33,85","0,59","65,56","3","8,25","10,62","0,009","0,296","0,695"
"Ghana",7.95,-1.02,"SUB-SAHARAN AFRICA                 ",22409572,239460,"93,6","0,23","-0,64","51,43",2200,"74,8","14,4","16,26","9,67","74,07","2","30,52","9,72","0,366","0,246","0,387"
"Greece",39.07,21.82,"WESTERN EUROPE                     ",10688058,131940,"81,0","10,37","2,35","5,53",20000,"97,5","589,7","21,1","8,78","70,12","3","9,68","10,24","0,054","0,213","0,733"
"Grenada",12.26,-61.6,"LATIN AMER. & CARIB    ",89703,344,"260,8","35,17","-13,92","14,62",5000,"98,0","364,5","5,88","29,41","64,71","2","22,08","6,88","0,054","0,18","0,766"
"Guatemala",15.78,-90.23,"LATIN AMER. & CARIB    ",12293545,108890,"112,9","0,37","-1,67","35,93",4100,"70,6","92,1","12,54","5,03","82,43","2","29,88","5,2","0,227","0,188","0,585"
"Guinea",9.95,-9.7,"SUB-SAHARAN AFRICA                 ",9690222,245857,"39,4","0,13","-3,06","90,37",2100,"35,9","2,7","3,63","2,58","93,79","2","41,76","15,48","0,237","0,362","0,401"
"Guinea-Bissau",11.8,-15.18,"SUB-SAHARAN AFRICA                 ",1442029,36120,"39,9","0,97","-1,57","107,17",800,"42,4","7,4","10,67","8,82","80,51","2","37,22","16,53","0,62","0,12","0,26"
"Guyana",4.86,-58.93,"LATIN AMER. & CARIB    ",767245,214970,"3,6","0,21","-2,07","33,26",4000,"98,8","143,5","2,44","0,15","97,41","2","18,28","8,28","0,37","0,203","0,427"
"Haiti",18.97,-72.29,"LATIN AMER. & CARIB    ",8308504,27750,"299,4","6,38","-3,4","73,45",1600,"52,9","16,9","28,3","11,61","60,09","2","36,44","12,17","0,28","0,2","0,52"
"Honduras",15.2,-86.24,"LATIN AMER. & CARIB    ",7326496,112090,"65,4","0,73","-1,99","29,32",2600,"76,2","67,5","9,55","3,22","87,23","2","28,24","5,28","0,139","0,312","0,549"
"Hungary",47.16,19.5,"EASTERN EUROPE                     ",9981334,93030,"107,3","0,00","0,86","8,57",13900,"99,4","336,2","50,09","2,06","47,85","3","9,72","13,11","0,037","0,312","0,651"
"Iceland",64.96,-19.02,"WESTERN EUROPE                     ",299388,103000,"2,9","4,83","2,38","3,31",30900,"99,9","647,7","0,07","0","99,93","3","13,64","6,72","0,086","0,15","0,765"
"India",20.59,78.96,"ASIA (EX. NEAR EAST)         ",1095351995,3287590,"333,2","0,21","-0,07","56,29",2900,"59,5","45,4","54,4","2,74","42,86","2,5","22,01","8,18","0,186","0,276","0,538"
"Indonesia",-0.79,113.92,"ASIA (EX. NEAR EAST)         ",245452739,1919440,"127,9","2,85","0","35,6",3200,"87,9","52,0","11,32","7,23","81,45","2","20,34","6,25","0,134","0,458","0,408"
"Iraq",33.22,43.68,"NEAR EAST                          ",26783383,437072,"61,3","0,01","0","50,25",1500,"40,4","38,6","13,15","0,78","86,07","1","31,98","5,37","0,073","0,666","0,261"
"Ireland",53.41,-8.24,"WESTERN EUROPE                     ",4062235,70280,"57,8","2,06","4,99","5,39",29600,"98,0","500,5","15,2","0,03","84,77","3","14,45","7,82","0,05","0,46","0,49"
"Israel",31.05,34.85,"NEAR EAST                          ",6352117,20770,"305,8","1,31","0,68","7,03",19800,"95,4","462,3","16,39","4,17","79,44","3","17,97","6,18","0,026","0,317","0,657"
"Italy",41.87,12.57,"WESTERN EUROPE                     ",58133509,301230,"193,0","2,52","2,07","5,94",26700,"98,6","430,9","27,79","9,53","62,68","","8,72","10,4","0,021","0,291","0,688"
"Jamaica",18.11,-77.3,"LATIN AMER. & CARIB    ",2758124,10991,"250,9","9,30","-4,92","12,36",3900,"87,9","124,0","16,07","10,16","73,77","2","20,82","6,52","0,049","0,337","0,615"
"Japan",36.2,138.25,"ASIA (EX. NEAR EAST)         ",127463611,377835,"337,4","7,87","0","3,26",28200,"99,0","461,2","12,19","0,96","86,85","3","9,37","9,16","0,017","0,258","0,725"
"Jordan",30.59,36.24,"NEAR EAST                          ",5906760,92300,"64,0","0,03","6,59","17,35",4300,"91,3","104,5","2,67","1,83","95,5","1","21,25","2,65","0,033","0,287","0,68"
"Kazakhstan",48.02,66.92,"C.W. OF IND. STATES ",15233244,2717300,"5,6","0,00","-3,35","29,21",6300,"98,4","164,1","7,98","0,05","91,97","4","16","9,42","0,067","0,386","0,547"
"Kenya",-0.02,37.91,"SUB-SAHARAN AFRICA                 ",34707817,582650,"59,6","0,09","-0,1","61,47",1000,"85,1","8,1","8,08","0,98","90,94","1,5","39,72","14,02","0,163","0,188","0,651"
"Kiribati",-3.37,-168.73,"OCEANIA                            ",105432,811,"130,0","140,94","0","48,52",800,"","42,7","2,74","50,68","46,58","2","30,65","8,26","0,089","0,242","0,668"
"Kuwait",29.31,47.48,"NEAR EAST                          ",2418393,17820,"135,7","2,80","14,18","9,95",19000,"83,5","211,0","0,73","0,11","99,16","1","21,94","2,41","0,004","0,479","0,516"
"Kyrgyzstan",41.2,74.77,"C.W. OF IND. STATES ",5213898,198500,"26,3","0,00","-2,45","35,64",1600,"97,0","84,0","7,3","0,35","92,35","2,5","22,8","7,08","0,353","0,208","0,439"
"Latvia",56.88,24.6,"BALTICS                            ",2274735,64589,"35,2","0,82","-2,23","9,55",10200,"99,8","321,4","29,67","0,47","69,86","3","9,24","13,66","0,04","0,261","0,699"
"Lebanon",33.85,35.86,"NEAR EAST                          ",3874050,10400,"372,5","2,16","0","24,52",4800,"87,4","255,6","16,62","13,98","69,4","","18,52","6,21","0,12","0,21","0,67"
"Lesotho",-29.61,28.23,"SUB-SAHARAN AFRICA                 ",2022331,30355,"66,6","0,00","-0,74","84,23",3000,"84,8","23,7","10,87","0,13","89","3","24,75","28,71","0,163","0,443","0,394"
"Liberia",6.43,-9.43,"SUB-SAHARAN AFRICA                 ",3042004,111370,"27,3","0,52","0","128,87",1000,"57,5","2,3","3,95","2,28","93,77","2","44,77","23,1","0,769","0,054","0,177"
"Lithuania",55.17,23.88,"BALTICS                            ",3585906,65200,"55,0","0,14","-0,71","6,89",11400,"99,6","223,4","45,22","0,91","53,87","","8,75","10,98","0,055","0,325","0,62"
"Luxembourg",49.82,6.13,"WESTERN EUROPE                     ",474413,2586,"183,5","0,00","8,97","4,81",55100,"100,0","515,4","23,28","0,4","76,32","","11,94","8,41","0,01","0,13","0,86"
"Madagascar",-18.77,46.87,"SUB-SAHARAN AFRICA                 ",18595469,587040,"31,7","0,82","0","76,83",800,"68,9","3,6","5,07","1,03","93,91","2","41,41","11,11","0,276","0,165","0,559"
"Malawi",-13.25,34.3,"SUB-SAHARAN AFRICA                 ",13013926,118480,"109,8","0,00","0","103,32",600,"62,7","7,9","23,38","1,49","75,13","2","43,13","19,33","0,342","0,158","0,499"
"Malaysia",4.21,101.98,"ASIA (EX. NEAR EAST)         ",24385858,329750,"74,0","1,42","0","17,7",9000,"88,7","179,0","5,48","17,61","76,91","2","22,86","5,05","0,084","0,48","0,436"
"Maldives",3.2,73.22,"ASIA (EX. NEAR EAST)         ",359008,300,"1196,7","214,67","0","56,52",3900,"97,2","90,0","13,33","16,67","70","2","34,81","7,06","0,2","0,18","0,62"
"Mali",17.57,-4,"SUB-SAHARAN AFRICA                 ",11716829,1240000,"9,5","0,00","-0,33","116,79",900,"46,4","6,4","3,82","0,03","96,15","2","49,82","16,89","0,45","0,17","0,38"
"Malta",35.94,14.38,"WESTERN EUROPE                     ",400214,316,"1266,5","62,28","2,07","3,89",17700,"92,8","505,0","28,13","3,13","68,74","","10,22","8,1","0,03","0,23","0,74"
"Mauritania",21.01,-10.94,"SUB-SAHARAN AFRICA                 ",3177388,1030700,"3,1","0,07","0","70,89",1800,"41,7","12,9","0,48","0,01","99,51","1","40,99","12,16","0,25","0,29","0,46"
"Mauritius",-20.35,57.55,"SUB-SAHARAN AFRICA                 ",1240827,2040,"608,3","8,68","-0,9","15,03",11400,"85,6","289,3","49,26","2,96","47,78","2","15,43","6,86","0,059","0,298","0,643"
"Mexico",23.63,-102.55,"LATIN AMER. & CARIB    ",107449525,1972550,"54,5","0,47","-4,87","20,91",9000,"92,2","181,6","12,99","1,31","85,7","1,5","20,69","4,74","0,038","0,259","0,702"
"Mongolia",46.86,103.85,"ASIA (EX. NEAR EAST)         ",2832224,1564116,"1,8","0,00","0","53,79",1800,"97,8","55,1","0,77","0","99,23","1","21,59","6,95","0,206","0,214","0,58"
"Morocco",31.79,-7.09,"NORTHERN AFRICA                    ",33241259,446550,"74,4","0,41","-0,98","41,62",4000,"51,7","40,4","19,61","2,17","78,22","","21,98","5,58","0,217","0,357","0,426"
"Mozambique",-18.67,35.53,"SUB-SAHARAN AFRICA                 ",19686505,801590,"24,6","0,31","0","130,79",1200,"47,8","3,5","5,1","0,3","94,6","2","35,18","21,35","0,262","0,348","0,39"
"Namibia",-22.96,18.49,"SUB-SAHARAN AFRICA                 ",2044147,825418,"2,5","0,19","0","48,98",7200,"84,0","62,6","0,99","0","99,01","1","24,32","18,86","0,097","0,315","0,588"
"Nepal",28.39,84.12,"ASIA (EX. NEAR EAST)         ",28287147,147181,"192,2","0,00","0","66,98",1400,"45,2","15,9","21,68","0,64","77,68","","30,98","9,31","0,38","0,21","0,41"
"Netherlands",52.13,5.29,"WESTERN EUROPE                     ",16491461,41526,"397,1","1,09","2,91","5,04",28600,"99,0","460,8","26,71","0,97","72,32","3","10,9","8,68","0,021","0,244","0,736"
"New Caledonia",-20.9,165.62,"OCEANIA                            ",219246,19060,"11,5","11,83","0","7,72",15000,"91,0","252,2","0,38","0,33","99,29","2","18,11","5,69","0,15","0,088","0,762"
"New Zealand",-40.9,174.89,"OCEANIA                            ",4076140,268680,"15,2","5,63","4,05","5,85",21600,"99,0","441,7","5,6","6,99","87,41","3","13,76","7,53","0,043","0,273","0,684"
"Nicaragua",12.87,-85.21,"LATIN AMER. & CARIB    ",5570129,129494,"43,0","0,70","-1,22","29,11",2300,"67,5","39,7","15,94","1,94","82,12","2","24,51","4,45","0,165","0,275","0,56"
"Niger",17.61,8.08,"SUB-SAHARAN AFRICA                 ",12525094,1267000,"9,9","0,00","-0,67","121,69",800,"17,6","1,9","3,54","0,01","96,45","1","50,73","20,91","0,39","0,17","0,44"
"Nigeria",9.08,8.68,"SUB-SAHARAN AFRICA                 ",131859731,923768,"142,7","0,09","0,26","98,8",900,"68,0","9,3","31,29","2,96","65,75","1,5","40,43","16,94","0,269","0,487","0,244"
"Norway",60.47,8.47,"WESTERN EUROPE                     ",4610820,323802,"14,2","7,77","1,74","3,7",37800,"100,0","461,7","2,87","0","97,13","3","11,46","9,4","0,021","0,415","0,564"
"Oman",21.51,55.92,"NEAR EAST                          ",3102229,212460,"14,6","0,98","0,28","19,51",13100,"75,8","85,5","0","0,14","99,74","1","36,24","3,81","0,027","0,39","0,583"
"Pakistan",30.38,69.35,"ASIA (EX. NEAR EAST)         ",165803560,803940,"206,2","0,13","-2,77","72,44",2100,"45,7","31,8","27,87","0,87","71,26","1","29,74","8,23","0,216","0,251","0,533"
"Panama",8.54,-80.78,"LATIN AMER. & CARIB    ",3191319,78200,"40,8","3,18","-0,91","20,47",6300,"92,6","137,9","7,36","1,98","90,66","2","21,74","5,36","0,068","0,156","0,776"
"Paraguay",-23.44,-58.44,"LATIN AMER. & CARIB    ",6506464,406750,"16,0","0,00","-0,08","25,63",4700,"94,0","49,2","7,6","0,23","92,17","2","29,1","4,49","0,224","0,207","0,569"
"Peru",-9.19,-75.02,"LATIN AMER. & CARIB    ",28302603,1285220,"22,0","0,19","-1,05","31,94",5100,"90,9","79,5","2,89","0,4","96,71","1,5","20,48","6,23","0,08","0,27","0,65"
"Philippines",12.88,121.77,"ASIA (EX. NEAR EAST)         ",89468677,300000,"298,2","12,10","-1,5","23,51",4600,"92,6","38,4","18,95","16,77","64,28","2","24,89","5,41","0,144","0,326","0,53"
"Poland",51.92,19.15,"EASTERN EUROPE                     ",38536869,312685,"123,3","0,16","-0,49","8,51",11100,"99,8","306,3","45,91","1,12","52,97","3","9,85","9,89","0,05","0,311","0,64"
"Portugal",39.4,-8.22,"WESTERN EUROPE                     ",10605870,92391,"114,8","1,94","3,57","5,05",18000,"93,3","399,2","21,75","7,81","70,44","3","10,72","10,5","0,053","0,274","0,673"
"Romania",45.94,24.97,"EASTERN EUROPE                     ",22303552,237500,"93,9","0,09","-0,13","26,43",7000,"98,4","196,9","40,82","2,25","56,93","3","10,7","11,77","0,101","0,35","0,549"
"Rwanda",-1.94,29.87,"SUB-SAHARAN AFRICA                 ",8648248,26338,"328,4","0,00","0","91,23",1300,"70,4","2,7","40,54","12,16","47,3","3","40,37","16,09","0,401","0,229","0,37"
"Saint Lucia",13.91,-60.98,"LATIN AMER. & CARIB    ",168458,616,"273,5","25,65","-2,67","13,53",5400,"67,0","303,3","6,56","22,95","70,49","2","19,68","5,08","0,07","0,2","0,73"
"Saint Vincent and the Grenadines",12.98,-61.29,"LATIN AMER. & CARIB    ",117848,389,"303,0","21,59","-7,64","14,78",2900,"96,0","190,9","17,95","17,95","64,1","2","16,18","5,98","0,1","0,26","0,64"
"Samoa",-13.76,-172.1,"OCEANIA                            ",176908,2944,"60,1","13,69","-11,7","27,71",5600,"99,7","75,2","21,2","24,38","54,42","2","16,43","6,62","0,114","0,584","0,302"
"Saudi Arabia",23.89,45.08,"NEAR EAST                          ",27019731,1960582,"13,8","0,13","-2,71","13,24",11800,"78,8","140,6","1,67","0,09","98,24","1","29,34","2,58","0,033","0,613","0,354"
"Senegal",14.5,-14.45,"SUB-SAHARAN AFRICA                 ",11987121,196190,"61,1","0,27","0,2","55,51",1600,"40,2","22,2","12,78","0,21","87,01","2","32,78","9,42","0,172","0,209","0,619"
"Serbia",44.02,21.01,"EASTERN EUROPE                     ",9396411,88361,"106,3","0,00","-1,33","12,89",2200,"93,0","285,8","33,35","3,2","63,45","","","","0,166","0,255","0,579"
"Sierra Leone",8.46,-11.78,"SUB-SAHARAN AFRICA                 ",6005250,71740,"83,7","0,56","0","143,64",500,"31,4","4,0","6,98","0,89","92,13","2","45,76","23,03","0,49","0,31","0,21"
"Slovakia",48.67,19.7,"EASTERN EUROPE                     ",5439448,48845,"111,4","0,00","0,3","7,41",13300,"","220,1","30,16","2,62","67,22","3","10,65","9,45","0,035","0,294","0,672"
"Slovenia",46.15,15,"EASTERN EUROPE                     ",2010347,20273,"99,2","0,23","1,12","4,45",19000,"99,7","406,1","8,6","1,49","89,91","","8,98","10,31","0,028","0,369","0,603"
"Solomon Islands",-9.65,160.16,"OCEANIA                            ",552438,28450,"19,4","18,67","0","21,29",1700,"","13,4","0,64","2","97,36","2","30,01","3,92","0,42","0,11","0,47"
"South Africa",-30.56,22.94,"SUB-SAHARAN AFRICA                 ",44187637,1219912,"36,2","0,23","-0,29","61,81",10700,"86,4","107,0","12,08","0,79","87,13","1","18,2","22","0,025","0,303","0,671"
"Spain",40.46,-3.75,"WESTERN EUROPE                     ",40397842,504782,"80,0","0,98","0,99","4,42",22000,"97,9","453,5","26,07","9,87","64,06","3","10,06","9,72","0,04","0,295","0,665"
"Sri Lanka",7.87,80.77,"ASIA (EX. NEAR EAST)         ",20222240,65610,"308,2","2,04","-1,31","14,35",3700,"92,3","61,5","13,86","15,7","70,44","2","15,51","6,52","0,178","0,276","0,545"
"Sudan",12.86,30.22,"SUB-SAHARAN AFRICA                 ",41236378,2505810,"16,5","0,03","-0,02","62,5",1900,"61,1","16,3","6,83","0,18","92,99","2","34,53","8,97","0,387","0,203","0,41"
"Suriname",3.92,-56.03,"LATIN AMER. & CARIB    ",439117,163270,"2,7","0,24","-8,81","23,57",4000,"93,0","184,7","0,37","0,06","99,57","2","18,02","7,27","0,13","0,22","0,65"
"Swaziland",-26.52,31.47,"SUB-SAHARAN AFRICA                 ",1136334,17363,"65,5","0,00","0","69,27",4900,"81,6","30,8","10,35","0,7","88,95","2,5","27,41","29,74","0,119","0,515","0,366"
"Sweden",60.13,18.64,"WESTERN EUROPE                     ",9016596,449964,"20,0","0,72","1,67","2,77",26800,"99,0","715,0","6,54","0,01","93,45","3","10,27","10,31","0,011","0,282","0,707"
"Switzerland",46.82,8.23,"WESTERN EUROPE                     ",7523934,41290,"182,2","0,00","4,05","4,39",32700,"99,0","680,9","10,42","0,61","88,97","3","9,71","8,49","0,015","0,34","0,645"
"Tajikistan",38.86,71.28,"C.W. OF IND. STATES ",7320815,143100,"51,2","0,00","-2,86","110,76",1000,"99,4","33,5","6,61","0,92","92,47","2","32,65","8,25","0,234","0,286","0,48"
"Thailand",15.87,100.99,"ASIA (EX. NEAR EAST)         ",64631595,514000,"125,7","0,63","0","20,48",7400,"92,6","108,9","29,36","6,46","64,18","2","13,87","7,04","0,099","0,441","0,46"
"Togo",8.62,0.82,"SUB-SAHARAN AFRICA                 ",5548702,56785,"97,7","0,10","0","66,61",1500,"60,9","10,6","46,15","2,21","51,64","2","37,01","9,83","0,395","0,204","0,401"
"Tunisia",33.89,9.54,"NORTHERN AFRICA                    ",10175014,163610,"62,2","0,70","-0,57","24,77",6900,"74,2","123,6","17,86","13,74","68,4","3","15,52","5,13","0,132","0,318","0,55"
"Turkey",38.96,35.24,"NEAR EAST                          ",70413958,780580,"90,2","0,92","0","41,04",6700,"86,5","269,5","30,93","3,31","65,76","3","16,62","5,97","0,117","0,298","0,585"
"Turkmenistan",38.97,59.56,"C.W. OF IND. STATES ",5042920,488100,"10,3","0,00","-0,86","73,08",5800,"98,0","74,6","3,72","0,14","96,14","1","27,61","8,6","0,209","0,38","0,411"
"Uganda",1.37,32.29,"SUB-SAHARAN AFRICA                 ",28195754,236040,"119,5","0,00","0","67,83",1400,"69,9","3,6","25,88","10,65","63,47","2","47,35","12,24","0,311","0,222","0,469"
"Ukraine",48.38,31.17,"C.W. OF IND. STATES ",46710816,603700,"77,4","0,46","-0,39","20,34",5400,"99,7","259,9","56,21","1,61","42,18","3","8,82","14,39","0,187","0,452","0,361"
"United Arab Emirates",23.42,53.85,"NEAR EAST                          ",2602713,82880,"31,4","1,59","1,03","14,51",23200,"77,9","475,3","0,6","2,25","97,15","1","18,96","4,4","0,04","0,585","0,375"
"United Kingdom",55.38,-3.44,"WESTERN EUROPE                     ",60609153,244820,"247,6","5,08","2,19","5,16",27700,"99,0","543,5","23,46","0,21","76,33","3","10,71","10,13","0,005","0,237","0,758"
"Uruguay",-32.52,-55.77,"LATIN AMER. & CARIB    ",3431932,176220,"19,5","0,37","-0,32","11,95",12800,"98,0","291,4","7,43","0,23","92,34","3","13,91","9,05","0,093","0,311","0,596"
"Uzbekistan",41.38,64.59,"C.W. OF IND. STATES ",27307134,447400,"61,0","0,00","-1,72","71,1",1700,"99,3","62,9","10,83","0,83","88,34","1","26,36","7,84","0,342","0,229","0,43"
"Vanuatu",-15.38,166.96,"OCEANIA                            ",208869,12200,"17,1","20,72","0","55,16",2900,"53,0","32,6","2,46","7,38","90,16","2","22,72","7,82","0,26","0,12","0,62"
"Yemen",15.55,48.52,"NEAR EAST                          ",21456188,527970,"40,6","0,36","0","61,5",800,"50,2","37,2","2,78","0,24","96,98","1","42,89","8,3","0,135","0,472","0,393"
"Zambia",-13.13,27.85,"SUB-SAHARAN AFRICA                 ",11502010,752614,"15,3","0,00","0","88,29",800,"80,6","8,2","7,08","0,03","92,9","2","41","19,93","0,22","0,29","0,489"
"Zimbabwe",-19.02,29.15,"SUB-SAHARAN AFRICA                 ",12236805,390580,"31,3","0,00","0","67,69",1900,"90,7","26,8","8,32","0,34","91,34","2","28,01","21,84","0,179","0,243","0,579"
